iter	Accuracy	MultiClass
0	0.7359512525	1.745954124
1	0.7968855789	1.59437647
2	0.8144888287	1.482190557
3	0.8517264726	1.339554119
4	0.8686526743	1.24137362
5	0.8761002031	1.14862053
6	0.8761002031	1.074929983
7	0.8815165877	1.006947633
8	0.8930264049	0.9422344654
9	0.8991198375	0.9031832132
